Wavelength[nm],T% at AOI 0 deg
1100,0.001206953661
1099.5,0.0001097605127
1099,-0.0008068112656
1098.5,0.00264971354
1098,0.0008608777425
1097.5,8.85E-05
1097,0.001914396533
1096.5,0.0005923351855
1096,0.001962486655
1095.5,0.002149457578
1095,0.002834207844
1094.5,0.001425922848
1094,0.002496059518
1093.5,0.001090096775
1093,0.001607463346
1092.5,0.0007771612145
1092,0.002418580465
1091.5,0.002324271481
1091,0.001187289949
1090.5,0.001073868712
1090,0.00197243155
1089.5,0.000481819734
1089,0.001573004061
1088.5,0.0006032763631
1088,0.0004177583905
1087.5,0.001942248316
1087,0.001631485065
1086.5,-0.0007604699349
1086,0.001128109987
1085.5,0.0004673835647
1085,0.000195098939
1084.5,0.0002721511701
1084,-0.0006736944197
1083.5,0.0008254321874
1083,-0.001013993518
1082.5,0.0002852814505
1082,0.001736472943
1081.5,0.0003591921413
1081,1.85E-06
1080.5,-0.0001106810014
1080,0.0004228451871
1079.5,0.0005817580968
1079,-0.0005050846958
1078.5,0.001680471702
1078,0.001421213965
1077.5,0.0003706896387
1077,-0.001438306761
1076.5,0.0001035742243
1076,-0.0005040749093
1075.5,0.001490618219
1075,0.001408912591
1074.5,0.0007478156476
1074,-0.0001717554551
1073.5,-0.0002567745978
1073,-0.001113793813
1072.5,0.001398561872
1072,-0.000500906317
1071.5,0.000334396027
1071,0.001887397026
1070.5,-0.0005361250369
1070,-0.000170833795
1069.5,0.001282299985
1069,0.0009627930121
1068.5,-2.82E-05
1068,-0.001478466322
1067.5,8.44E-05
1067,0.0004149063316
1066.5,0.0006748040323
1066,0.001117801876
1065.5,0.0004791246611
1065,0.001217275276
1064.5,0.0004616812803
1064,-0.0002009530872
1063.5,-0.0003601591161
1063,0.0005073979846
1062.5,0.0002651434916
1062,-0.0004160608223
1061.5,0.0008920765249
1061,-0.0004123152466
1060.5,-0.0001456822938
1060,-4.36E-05
1059.5,-0.0005762053188
1059,-0.0005327037652
1058.5,0.0001800069003
1058,0.0004466301179
1057.5,0.001758747734
1057,0.0008518702234
1056.5,-0.0005682092742
1056,0.0004683930019
1055.5,0.0005910431501
1055,0.000452754146
1054.5,0.001875713002
1054,0.001652047271
1053.5,0.001583391568
1053,0.0002317158942
1052.5,0.0003363276483
1052,0.0001586961152
1051.5,-5.33E-05
1051,0.0003304373531
1050.5,-0.001117088483
1050,0.0004508294805
1049.5,-0.0003112598497
1049,0.0006638543564
1048.5,0.001092366641
1048,0.0003444524482
1047.5,0.0002647485526
1047,0.0001466026588
1046.5,0.00139364996
1046,0.0007790758973
1045.5,0.000698791584
1045,0.0006180533092
1044.5,1.83E-05
1044,-0.0008965834277
1043.5,0.0008718958125
1043,0.0006580964546
1042.5,0.0004400457838
1042,-0.0004474509333
1041.5,-0.0006675495533
1041,0.0009806879098
1040.5,-0.0004706882464
1040,-0.0002778526396
1039.5,0.0001770064846
1039,0.001547614695
1038.5,-0.000113926515
1038,0.000340000377
1037.5,-0.0008929991745
1037,-0.000466492842
1036.5,-0.0005526838941
1036,-0.0007365231868
1035.5,0.001271685818
1035,0.0009139409522
1034.5,0.0004497530463
1034,0.001321651391
1033.5,0.00102613389
1033,-0.0008024972631
1032.5,-0.0002078487159
1032,0.0007782921894
1031.5,-0.0003400563728
1031,-0.0006665918045
1030.5,-0.0001495568431
1030,0.001372268423
1029.5,4.33E-05
1029,0.0007344121695
1028.5,0.0003377728863
1028,-0.0003015428374
1027.5,0.001044224482
1027,-7.76E-05
1026.5,0.001630880637
1026,0.0004129948211
1025.5,-0.001232783543
1025,0.0004459778138
1024.5,-0.0003100661561
1024,0.0004173122288
1023.5,0.0006312767509
1023,0.0002945331798
1022.5,-0.0005096428213
1022,0.0009639801574
1021.5,0.0002502647985
1021,-0.001351131941
1020.5,-0.000243339673
1020,0.0008757747128
1019.5,-0.0002125734754
1019,0.0004786766076
1018.5,0.0008842473035
1018,0.001050364925
1017.5,0.0001292583911
1017,6.35E-05
1016.5,0.001675803098
1016,0.0008405147237
1015.5,-6.60E-05
1015,-0.001407354372
1014.5,-0.0003740726388
1014,0.0003558777971
1013.5,-0.0001568527514
1013,-0.0004342526663
1012.5,-0.0003186159011
1012,-0.0002168311476
1011.5,0.0009672145243
1011,0.001057537273
1010.5,-0.0003868216008
1010,-0.0005279824254
1009.5,-0.0008792966837
1009,-0.0003659115173
1008.5,-0.0002297812171
1008,0.0006757256924
1007.5,7.04E-05
1007,0.0004643922148
1006.5,0.001420838409
1006,6.31E-05
1005.5,0.0007830631803
1005,0.0004174092319
1004.5,0.0001201893829
1004,0.001253199182
1003.5,0.0002225510834
1003,0.0007657033857
1002.5,0.0008704815409
1002,-0.0002059797698
1001.5,0.0008793250308
1001,0.0001749122748
1000.5,0.0007130375598
1000,-3.95E-05
999.5,-0.0007286481559
999,-0.0006791343912
998.5,0.001220826176
998,-0.0001979923982
997.5,0.0006761623081
997,-0.001487640198
996.5,0.0004112732422
996,0.0006179693155
995.5,-0.0003574260627
995,0.000914582517
994.5,3.39E-05
994,-0.0001832720882
993.5,0.0002115629904
993,0.0009258201462
992.5,-6.55E-05
992,-0.0002027379378
991.5,-0.0004410743131
991,-0.000924912456
990.5,-0.0002568070777
990,0.001111507532
989.5,0.0004844087816
989,-0.0003717227955
988.5,0.0009775613435
988,0.0007986967103
987.5,-0.0009418277768
987,0.00144944049
986.5,-0.0004670024791
986,-2.59E-06
985.5,2.06E-05
985,0.0004069913412
984.5,-0.001354046864
984,-0.001025032951
983.5,0.0004487909027
983,4.34E-05
982.5,0.001604993129
982,0.0007900741184
981.5,0.0002822269162
981,0.0005172126112
980.5,0.0005839887308
980,0.000337008154
979.5,-0.001130307792
979,-0.0004532599123
978.5,0.0004776934511
978,6.97E-05
977.5,-0.0007667797036
977,-0.0005870114546
976.5,-0.0002613105171
976,0.001334632863
975.5,0.001234931406
975,-0.0001975354971
974.5,-0.0003017769777
974,0.000899851264
973.5,0.0001829564426
973,-0.0002330487478
972.5,0.001025013044
972,-0.0002624636982
971.5,0.001412372338
971,0.0008115323726
970.5,-0.0004594047787
970,0.0003414519015
969.5,-8.04E-05
969,0.0007525310502
968.5,0.0008047848241
968,0.0003418789711
967.5,-0.0003315595386
967,0.0003297045478
966.5,-0.0002490223851
966,-0.001421879162
965.5,-0.0009940201417
965,8.55E-06
964.5,0.0003712078324
964,0.0005938266986
963.5,0.0009260442457
963,-0.000871446915
962.5,-0.0001284578029
962,-0.0009192579309
961.5,0.000347185065
961,0.0005727765965
960.5,0.00176820124
960,0.000877783983
959.5,0.00126378017
959,0.001142938738
958.5,0.0007283776067
958,0.0009879176505
957.5,0.0001219674814
957,4.66E-05
956.5,0.001460715081
956,-0.0001283606107
955.5,0.0004592657206
955,-0.0009969293606
954.5,-7.77E-05
954,0.001063380972
953.5,0.000707328727
953,-0.001683242386
952.5,0.0002276122541
952,0.001237696852
951.5,0.001777895144
951,-0.001236926415
950.5,0.0002659146267
950,-0.001436649356
949.5,-0.0003393242077
949,-0.001295528491
948.5,0.000393788825
948,-0.0004186160513
947.5,-0.0005664749187
947,-0.0002711260458
946.5,-0.0001844452927
946,0.0007693240186
945.5,0.0009249761351
945,0.001602091128
944.5,0.0004466056998
944,0.001749260584
943.5,-0.000517121458
943,-0.0003402603325
942.5,-0.001234731055
942,0.0011298022
941.5,0.0001034593442
941,-4.00E-05
940.5,-0.0001172618358
940,-0.0002412514441
939.5,0.0003248053545
939,0.001078143949
938.5,-8.48E-05
938,-0.0002235209249
937.5,0.001320134965
937,0.0002918922401
936.5,-0.0001850461122
936,0.0004130196758
935.5,0.0002791177249
935,0.00123634655
934.5,0.000504007854
934,-0.0003078336304
933.5,-0.000774477201
933,-0.0007322066231
932.5,0.001216311241
932,-0.0003887437342
931.5,-0.0003179437772
931,-0.0006457095733
930.5,8.80E-05
930,-0.0001904559613
929.5,5.71E-05
929,-8.43E-05
928.5,0.0005467228475
928,-0.0003573993454
927.5,0.0006007207558
927,0.001213849173
926.5,8.89E-06
926,0.0007248882321
925.5,-0.0003662074159
925,0.0006682433886
924.5,-0.0003875711118
924,-4.71E-05
923.5,0.0001927772682
923,0.0004967399291
922.5,-7.54E-05
922,-3.06E-05
921.5,-0.001731902012
921,0.0004715809482
920.5,0.0004977216013
920,0.0004111523158
919.5,0.000445717742
919,0.0004904537927
918.5,0.001183994813
918,-0.000683345017
917.5,-0.0004890211858
917,6.20E-06
916.5,0.001208357979
916,0.0002494146756
915.5,-0.0003316410002
915,0.001719156164
914.5,-0.0009177178727
914,0.001134118414
913.5,0.001203797176
913,0.001385424985
912.5,0.0007034271257
912,-0.0008490056498
911.5,0.0002297953906
911,0.0009887602646
910.5,0.0007686684257
910,7.42E-05
909.5,-0.0009685922414
909,-1.50E-05
908.5,0.0004629027972
908,0.001373414765
907.5,0.0001620691764
907,0.000613291515
906.5,-0.0004838236782
906,0.0006413608207
905.5,0.0006019593566
905,0.002029053634
904.5,0.001195006422
904,0.0002760521893
903.5,-0.0001112635946
903,0.0003150951234
902.5,-0.001076334855
902,-0.0005609903019
901.5,0.0007454663864
901,-0.000126321509
900.5,0.0005484614521
900,-0.0003571377019
899.5,0.01118239481
899,0.006704607047
898.5,0.006988745183
898,0.004432746675
897.5,0.002670183312
897,0.007520797197
896.5,0.001208476955
896,0.004616872873
895.5,0.004920000676
895,0.006048412994
894.5,0.00472014118
894,0.00549785886
893.5,7.16E-05
893,0.006035825703
892.5,0.003873065813
892,0.004422612488
891.5,0.002986467909
891,0.006113607436
890.5,0.001463878201
890,0.003810252994
889.5,0.001994887367
889,0.003071640851
888.5,0.004729045555
888,0.004053440876
887.5,0.003815565724
887,0.0008362579392
886.5,0.002545658033
886,0.002748594619
885.5,0.001973276492
885,0.002358343452
884.5,0.0006177068572
884,0.001839787699
883.5,0.0009731969913
883,0.001162124216
882.5,0.002419826575
882,0.001982254675
881.5,0.00174296624
881,0.001137455343
880.5,0.001435510698
880,0.002378263511
879.5,0.001234956551
879,0.0006523153279
878.5,0.001568230451
878,0.001135406783
877.5,0.001384968054
877,0.0005079006078
876.5,0.001443719841
876,0.0008913066122
875.5,0.0005961511051
875,0.001540266909
874.5,0.0002725940139
874,0.0009590743575
873.5,0.0006040940061
873,0.0009167218232
872.5,0.0006344386493
872,0.0006566753727
871.5,0.0001733439713
871,0.0001471038559
870.5,0.0003441755543
870,0.000191053623
869.5,0.0006629790878
869,0.0005482157576
868.5,0.0006746100262
868,0.000283028261
867.5,-6.98E-05
867,0.0001681653666
866.5,0.0002045130241
866,0.0002711169655
865.5,0.0006011876976
865,0.0002861476387
864.5,0.0003920862509
864,0.0003010781656
863.5,0.0003385499876
863,5.75E-06
862.5,0.0003150312405
862,0.0003126573574
861.5,0.0001965237461
861,1.20E-05
860.5,-0.0001947043493
860,0.0003604430822
859.5,0.0001385042706
859,-9.08E-05
858.5,-0.0001819364843
858,0.0001690162608
857.5,0.0002143908932
857,0.0001472036674
856.5,0.0003409877245
856,0.0004328740179
855.5,0.0004562989052
855,0.0004471168213
854.5,8.59E-05
854,-4.16E-07
853.5,-8.99E-05
853,-8.57E-05
852.5,-9.28E-05
852,-1.96E-05
851.5,0.0001506675617
851,0.0002816010383
850.5,9.77E-05
850,-4.35E-05
849.5,-0.0001551181485
849,0.0005968333571
848.5,6.00E-05
848,1.61E-05
847.5,3.32E-05
847,0.0002286594972
846.5,6.75E-05
846,-0.0003165938251
845.5,0.0002562041045
845,-8.68E-05
844.5,2.63E-05
844,1.05E-05
843.5,-0.0003900319862
843,0.000454728608
842.5,3.76E-05
842,-0.0001653433137
841.5,0.0002774436434
841,-5.92E-05
840.5,0.0001980038214
840,-4.86E-05
839.5,-0.000147428349
839,0.0001218417165
838.5,2.92E-06
838,0.0002450951433
837.5,9.41E-05
837,0.0001513623283
836.5,-0.0005054976791
836,0.0005152801168
835.5,7.79E-05
835,-8.80E-05
834.5,0.0003433808743
834,-0.0001267691987
833.5,0.0003409436613
833,0.0001651616767
832.5,-1.41E-05
832,3.77E-05
831.5,-1.04E-05
831,0.0001722443412
830.5,-0.0005341093638
830,0.0002115946263
829.5,0.0001984964183
829,-3.95E-05
828.5,0.0002431320318
828,0.0002202105825
827.5,0.0001546836575
827,-0.0002977834665
826.5,0.0004441865603
826,-5.47E-05
825.5,9.57E-06
825,0.0002129082568
824.5,-4.61E-05
824,0.0002207794751
823.5,0.0001268265623
823,8.64E-05
822.5,-1.88E-05
822,-0.0003264916013
821.5,0.0004563670664
821,-6.61E-05
820.5,4.02E-05
820,-7.69E-05
819.5,7.85E-05
819,0.0001950774022
818.5,-0.0001480627107
818,-0.0001361037284
817.5,-0.0002173625253
817,6.26E-05
816.5,3.37E-06
816,8.50E-05
815.5,-0.0001958736684
815,0.0001526697743
814.5,-0.0005618197611
814,0.0002059050603
813.5,0.0005347639672
813,6.31E-05
812.5,0.0001611251209
812,-0.0001085974654
811.5,4.66E-05
811,9.87E-05
810.5,-0.0002811934683
810,-0.0001607804588
809.5,0.0001839695178
809,-0.0001512907911
808.5,0.0003147702373
808,0.0001135610873
807.5,0.0001323634206
807,-0.0001517512865
806.5,0.0004062899388
806,-9.90E-05
805.5,-0.000118011747
805,0.0002249008103
804.5,0.0001915191388
804,0.0001408285461
803.5,-0.0003427643678
803,0.0001321616146
802.5,7.03E-05
802,0.0001509419671
801.5,0.0003544858482
801,0.0001512646704
800.5,8.70E-05
800,3.50E-05
799.5,-0.0002104789019
799,8.24E-05
798.5,4.18E-05
798,-6.10E-05
797.5,-0.0002019929234
797,1.53E-05
796.5,9.15E-05
796,0.0002304164373
795.5,0.0002014602651
795,7.23E-05
794.5,0.0004279293062
794,0.0003100838221
793.5,0.000156897906
793,-3.68E-05
792.5,1.44E-05
792,-1.13E-05
791.5,-0.000365725602
791,0.0005214271368
790.5,-2.04E-05
790,3.87E-05
789.5,0.0001514721662
789,9.96E-05
788.5,4.54E-05
788,0.0002932715288
787.5,0.0001702578011
787,3.97E-05
786.5,0.000146211285
786,-7.44E-05
785.5,0.0001192727577
785,0.0004998331424
784.5,0.0001508108835
784,0.0001243370352
783.5,5.36E-05
783,2.40E-05
782.5,0.0001394231076
782,0.0002545679745
781.5,0.000119083561
781,-6.87E-05
780.5,0.0001067521225
780,0.0002589404758
779.5,0.0003314084315
779,0.000122106343
778.5,-0.0001209075781
778,0.0001090566002
777.5,7.53E-05
777,0.0001493562595
776.5,8.75E-05
776,-4.16E-05
775.5,0.0002095993113
775,0.0001223439904
774.5,-1.98E-05
774,8.14E-05
773.5,6.51E-05
773,0.0002006021823
772.5,-0.0001633293141
772,-3.27E-05
771.5,2.79E-05
771,1.04E-05
770.5,0.000517082226
770,0.0003953938722
769.5,0.0002925523731
769,0.0001086456905
768.5,-8.61E-05
768,-8.45E-05
767.5,0.0001021480348
767,-0.0001129511002
766.5,-0.0001096386113
766,-0.0001457489561
765.5,2.99E-05
765,-0.0003003126767
764.5,0.0004152216716
764,2.84E-05
763.5,0.0005753267906
763,-0.0001488765411
762.5,0.0001368090743
762,-0.000499266549
761.5,0.0002072169736
761,0.0002349220886
760.5,7.85E-05
760,-9.68E-05
759.5,0.0001733739191
759,0.0001157177539
758.5,5.98E-05
758,0.0003580269404
757.5,0.0001471840951
757,0.0001874033624
756.5,-0.0001193588687
756,-6.84E-05
755.5,-0.0002666345972
755,2.70E-05
754.5,0.0005773472949
754,-0.0001742861205
753.5,2.79E-05
753,0.0001374087879
752.5,1.23E-05
752,-0.0002130150679
751.5,0.000234207575
751,6.20E-05
750.5,4.85E-05
750,-3.29E-05
749.5,5.11E-06
749,-0.0001058527923
748.5,0.0002583881142
748,-0.0002159185824
747.5,5.23E-05
747,2.90E-06
746.5,-5.99E-05
746,0.0001391249389
745.5,4.52E-05
745,-6.57E-05
744.5,0.0001468399423
744,3.47E-05
743.5,-9.12E-06
743,0.0002643018379
742.5,-0.0001822433987
742,0.000438468036
741.5,-0.000132692745
741,4.76E-05
740.5,0.0002812349412
740,0.0001451293647
739.5,-0.0002079890255
739,2.36E-05
738.5,0.0002481748525
738,-2.65E-05
737.5,3.50E-06
737,0.0002367994457
736.5,-4.08E-05
736,3.84E-05
735.5,2.52E-05
735,1.97E-05
734.5,0.0002953333606
734,0.0001507397246
733.5,4.93E-05
733,0.0002608613577
732.5,5.13E-05
732,-9.04E-05
731.5,5.73E-05
731,1.48E-05
730.5,0.0002491991618
730,0.0001165071444
729.5,0.0001070733779
729,0.0001769254304
728.5,1.98E-05
728,0.0001957461063
727.5,0.0001668305777
727,8.90E-05
726.5,0.0001495449542
726,0.0001269779168
725.5,2.66E-05
725,0.0002036054648
724.5,0.0002344621898
724,-1.55E-05
723.5,0.0001460560452
723,0.0001705356408
722.5,8.35E-05
722,-0.0001611756888
721.5,0.0004307552008
721,-1.23E-06
720.5,8.49E-05
720,0.0002160720032
719.5,0.0002297837927
719,0.0002175839181
718.5,-0.0001075071195
718,0.0005021171528
717.5,0.0003535090655
717,0.0002562892041
716.5,0.0005976262037
716,0.0002225317585
715.5,0.0004179708776
715,0.000168169121
714.5,0.0002781714429
714,0.0004544674885
713.5,0.0002930023475
713,0.0005200708401
712.5,0.0004842711787
712,0.0003321703989
711.5,0.0005230244715
711,0.0004556211061
710.5,0.0003680550726
710,0.0005337371258
709.5,0.0005988407065
709,0.0006119730533
708.5,0.0004359568702
708,0.001062489697
707.5,0.0005248860689
707,0.0008244086639
706.5,0.0009134675493
706,0.001161339926
705.5,0.001382999704
705,0.001387668424
704.5,0.001884259051
704,0.00198755227
703.5,0.002045376226
703,0.002282881644
702.5,0.002515902743
702,0.002843354596
701.5,0.002899870975
701,0.003530808259
700.5,0.003816231387
700,0.004307901487
699.5,0.004970029462
699,0.005531573668
698.5,0.00608716486
698,0.006743494887
697.5,0.00745236082
697,0.008497351781
696.5,0.009661594406
696,0.01079828665
695.5,0.01212592795
695,0.01357155852
694.5,0.01567266136
694,0.0173837319
693.5,0.01980199479
693,0.02241270058
692.5,0.02491489239
692,0.02875286154
691.5,0.03261534497
691,0.03719947487
690.5,0.04235108569
690,0.04852829129
689.5,0.05547332019
689,0.0636331588
688.5,0.07330172509
688,0.08449792862
687.5,0.09816286713
687,0.1142784357
686.5,0.1335652471
686,0.1565311402
685.5,0.1834120303
685,0.216613993
684.5,0.2569081187
684,0.3051000237
683.5,0.3660573661
683,0.4383026958
682.5,0.5287312269
682,0.6429130435
681.5,0.7832251787
681,0.9613001943
680.5,1.185191274
680,1.466001868
679.5,1.82934165
679,2.291499376
678.5,2.890507221
678,3.660511255
677.5,4.648815632
677,5.948544979
676.5,7.607517242
676,9.745465279
675.5,12.56252098
675,16.0003624
674.5,20.24354553
674,25.5759964
673.5,31.69760323
673,38.62768555
672.5,46.2971344
672,54.18700027
671.5,61.96623993
671,69.36405945
670.5,76.08862305
670,81.73081207
669.5,86.31020355
669,89.86467743
668.5,92.64157104
668,94.70106506
667.5,96.08783722
667,97.03309631
666.5,97.65605164
666,98.1259079
665.5,98.52671814
665,98.67629242
664.5,98.77965546
664,98.82364655
663.5,98.91397858
663,98.92884064
662.5,98.96711731
662,98.96231842
661.5,99.01103973
661,99.04728699
660.5,99.03993988
660,99.03948212
659.5,99.10108948
659,99.12657166
658.5,99.10992432
658,99.13391113
657.5,99.14206696
657,99.21806335
656.5,99.17331696
656,99.20281982
655.5,99.1809845
655,99.21070099
654.5,99.23400116
654,99.21682739
653.5,99.22232056
653,99.20140839
652.5,99.21115112
652,99.1869278
651.5,99.1939621
651,99.15290833
650.5,99.16345215
650,99.17128754
649.5,99.14035034
649,99.14307404
648.5,99.13919067
648,99.03266144
647.5,99.0450592
647,99.06800079
646.5,99.02637482
646,98.98576355
645.5,98.99643707
645,98.93664551
644.5,98.95628357
644,98.84299469
643.5,98.86312866
643,98.84975433
642.5,98.80098724
642,98.77153778
641.5,98.81557465
641,98.78816223
640.5,98.73945618
640,98.71007538
639.5,98.6987381
639,98.68119049
638.5,98.69456482
638,98.64084625
637.5,98.71598816
637,98.82086182
636.5,98.90216064
636,98.9154129
635.5,99.03138733
635,99.05623627
634.5,99.10925293
634,99.16953278
633.5,99.20653534
633,99.32830811
632.5,99.26602173
632,99.25202179
631.5,99.26383972
631,99.22219086
630.5,99.30396271
630,99.27862549
629.5,99.25695801
629,99.25151825
628.5,99.30445862
628,99.33443451
627.5,99.22722626
627,99.30976868
626.5,99.39677429
626,99.3615036
625.5,99.35380554
625,99.37743378
624.5,99.34794617
624,99.32722473
623.5,99.29826355
623,99.23661041
622.5,99.19610596
622,99.21318817
621.5,99.19929504
621,99.16607666
620.5,99.22225952
620,99.17249298
619.5,99.26448059
619,99.21068573
618.5,99.25540161
618,99.2353363
617.5,99.24876404
617,99.29268646
616.5,99.20666504
616,99.15707397
615.5,99.21751404
615,99.186409
614.5,99.24108124
614,99.20329285
613.5,99.19158173
613,99.17603302
612.5,99.21885681
612,99.14451599
611.5,99.12492371
611,99.2131424
610.5,99.24862671
610,99.2716217
609.5,99.31548309
609,99.32292938
608.5,99.26647186
608,99.28117371
607.5,99.27346802
607,99.16963959
606.5,99.23445129
606,99.15203094
605.5,99.0898819
605,99.06420898
604.5,99.09119415
604,99.00075531
603.5,98.91654968
603,98.89157867
602.5,98.99571228
602,98.99781036
601.5,99.1158905
601,99.09513092
600.5,99.25070953
600,99.27980042
599.5,99.06985474
599,99.23571014
598.5,99.07118988
598,99.1132431
597.5,99.12857056
597,99.10862732
596.5,98.96310425
596,98.88195801
595.5,98.96305084
595,98.96369171
594.5,98.87026978
594,98.87321472
593.5,98.90621185
593,99.03018188
592.5,99.04964447
592,99.02977753
591.5,99.05922699
591,99.08302307
590.5,99.08834076
590,99.11322021
589.5,99.10193634
589,98.9852066
588.5,98.9573288
588,98.93214417
587.5,98.87565613
587,98.88492584
586.5,98.84644318
586,98.78708649
585.5,98.80246735
585,98.97174835
584.5,98.99140167
584,99.15584564
583.5,99.16113281
583,99.17840576
582.5,99.18048096
582,99.22192383
581.5,99.27562714
581,99.32746887
580.5,99.16087341
580,99.08551788
579.5,99.02340698
579,98.92941284
578.5,98.99804688
578,98.95417786
577.5,98.97615814
577,99.05191803
576.5,99.09872437
576,99.15466309
575.5,99.1880188
575,99.1710968
574.5,99.2537384
574,99.26416779
573.5,99.25034332
573,99.23352051
572.5,99.16818237
572,99.07958221
571.5,99.07462311
571,98.9837265
570.5,98.92736816
570,98.85845947
569.5,98.79906464
569,98.97285461
568.5,98.92295837
568,99.15758514
567.5,98.96450806
567,99.08280945
566.5,99.16042328
566,99.02217102
565.5,99.09920502
565,99.05986023
564.5,99.10163116
564,99.00964355
563.5,98.96503448
563,98.99030304
562.5,99.03407288
562,99.00978088
561.5,99.03772736
561,99.07038116
560.5,99.05871582
560,99.14270782
559.5,99.1584549
559,99.2124176
558.5,99.11038208
558,99.0407486
557.5,99.0242691
557,98.89961243
556.5,98.84007263
556,98.72898865
555.5,98.75048828
555,98.85404968
554.5,98.83031464
554,98.77492523
553.5,98.46271515
553,97.54718018
552.5,95.8555069
552,92.822258
551.5,87.98114014
551,81.27120972
550.5,72.57624054
550,62.55915833
549.5,51.9311676
549,41.32567215
548.5,31.89894295
548,23.83123779
547.5,17.51761055
547,12.72875214
546.5,9.151603699
546,6.629171371
545.5,4.839830875
545,3.525335789
544.5,2.631367207
544,1.985140562
543.5,1.500255466
543,1.152649045
542.5,0.8900723457
542,0.6891641021
541.5,0.5365584493
541,0.4179114103
540.5,0.3248796761
540,0.2515790462
539.5,0.1942488551
539,0.1503884494
538.5,0.1144646779
538,0.08755553514
537.5,0.06710064411
537,0.05125619471
536.5,0.03940359503
536,0.03043353185
535.5,0.02345287427
535,0.01838658005
534.5,0.01441235654
534,0.011435505
533.5,0.009245209396
533,0.007374645211
532.5,0.006127264351
532,0.004860151093
531.5,0.004287984688
531,0.003902646946
530.5,0.003282423597
530,0.002901421161
529.5,0.002712970134
529,0.002126851352
528.5,0.002095045988
528,0.001824142761
527.5,0.001653193962
527,0.001448917552
526.5,0.00134095829
526,0.001248746412
525.5,0.00112063298
525,0.0008777847397
524.5,0.0008930196636
524,0.0005983083975
523.5,0.0004974504118
523,0.0004567058058
522.5,0.0003036548151
522,2.36E-05
521.5,0.0001592859335
521,0.0001034454835
520.5,7.27E-05
520,0.0002475024667
519.5,0.0001121249152
519,5.68E-05
518.5,0.0001510912116
518,-3.37E-05
517.5,0.0001278572745
517,-1.70E-05
516.5,6.26E-05
516,0.0001781226019
515.5,8.72E-05
515,0.000136420771
514.5,9.07E-06
514,0.000133385649
513.5,9.66E-05
513,-6.71E-05
512.5,-0.0001998709631
512,-0.000207133533
511.5,0.000175623456
511,7.75E-05
510.5,3.91E-05
510,-1.18E-05
509.5,6.30E-05
509,0.0001663431758
508.5,-2.41E-05
508,1.64E-06
507.5,8.96E-05
507,1.35E-06
506.5,7.87E-05
506,8.36E-05
505.5,6.56E-06
505,2.15E-05
504.5,0.0001473188458
504,-3.97E-05
503.5,-8.36E-05
503,-3.17E-05
502.5,-5.03E-05
502,0.0001653904619
501.5,4.14E-05
501,-7.75E-06
500.5,0.0001636098023
500,-8.61E-05
499.5,-4.97E-05
499,-8.69E-05
498.5,0.0001352110266
498,3.09E-05
497.5,4.71E-05
497,-0.000291070668
496.5,2.03E-05
496,0.0001705396717
495.5,5.69E-05
495,-3.18E-06
494.5,6.67E-05
494,9.99E-05
493.5,-5.74E-05
493,0.0001373069535
492.5,9.40E-05
492,3.72E-05
491.5,6.30E-05
491,-1.77E-05
490.5,-9.62E-05
490,7.81E-05
489.5,0.0002173504472
489,-8.71E-05
488.5,-0.0002318512561
488,-0.0001063979216
487.5,-4.83E-05
487,-0.0001592575427
486.5,0.0001468243572
486,4.02E-05
485.5,-5.32E-05
485,-2.75E-05
484.5,0.0001147039366
484,0.0001066178229
483.5,2.68E-05
483,0.0001591458858
482.5,4.29E-05
482,-0.0001491760777
481.5,-0.0002617816208
481,3.51E-05
480.5,0.0001115314517
480,8.16E-06
479.5,9.50E-05
479,0.0001590678585
478.5,5.70E-05
478,2.52E-06
477.5,8.95E-05
477,-3.62E-05
476.5,0.0001752410462
476,-2.63E-05
475.5,5.87E-05
475,-3.98E-05
474.5,-8.49E-05
474,2.32E-05
473.5,2.23E-05
473,6.96E-05
472.5,1.17E-05
472,-9.14E-05
471.5,-3.61E-06
471,0.0001659634436
470.5,0.0001063132149
470,-7.28E-05
469.5,0.0001926124678
469,-8.00E-05
468.5,-0.0001117780484
468,-0.0002626447822
467.5,0.0003162810463
467,0.0002583386668
466.5,0.0001667761971
466,-0.0002397883072
465.5,-9.20E-05
465,-9.71E-05
464.5,2.15E-05
464,-6.98E-05
463.5,-0.0001622638665
463,-0.0001737393759
462.5,-9.30E-05
462,-7.89E-06
461.5,2.97E-05
461,3.24E-05
460.5,0.0001509503199
460,-0.0002257255401
459.5,2.04E-05
459,5.29E-05
458.5,-0.0002520214475
458,-8.46E-05
457.5,-0.0001232394279
457,-6.02E-05
456.5,0.0003670521255
456,-4.07E-05
455.5,5.68E-05
455,-1.25E-05
454.5,7.36E-05
454,-2.96E-05
453.5,0.000217898807
453,-1.06E-06
452.5,-1.39E-05
452,-6.24E-06
451.5,5.15E-05
451,5.28E-05
450.5,-4.74E-07
450,0.0001972218743
449.5,7.55E-05
449,0.0002205947967
448.5,-0.0001210986084
448,-1.58E-05
447.5,-7.70E-07
447,-3.41E-05
446.5,5.40E-05
446,7.00E-05
445.5,0.0001629064791
445,1.28E-07
444.5,0.0001148870942
444,0.0003019209835
443.5,-0.0002035838406
443,0.000121193043
442.5,-2.11E-05
442,-1.80E-05
441.5,8.31E-05
441,2.71E-05
440.5,0.0001558846125
440,-5.29E-05
439.5,2.49E-05
439,-1.15E-06
438.5,9.53E-05
438,-0.0001260585414
437.5,-0.0001053946107
437,-0.0001251166541
436.5,1.03E-05
436,0.0001402237103
435.5,0.0001808734232
435,8.37E-05
434.5,0.000154524052
434,0.0002266065421
433.5,4.11E-06
433,-2.97E-05
432.5,-0.0001264891762
432,-0.0001920015638
431.5,8.03E-05
431,0.0003321399854
430.5,0.0002471161715
430,0.0001067478588
429.5,0.0001644771546
429,3.75E-05
428.5,5.49E-05
428,7.78E-05
427.5,-0.0001958353387
427,0.0001263155427
426.5,8.72E-05
426,0.0002194294648
425.5,-1.80E-05
425,-0.0001552524482
424.5,0.000249431585
424,-1.54E-05
423.5,0.0002425646671
423,-0.0002431572357
422.5,1.75E-05
422,-9.13E-05
421.5,8.85E-05
421,-0.0001001411511
420.5,2.55E-05
420,-0.0001213416253
419.5,2.40E-05
419,4.35E-05
418.5,-7.62E-05
418,5.81E-05
417.5,-0.0002148128988
417,-9.10E-06
416.5,0.0001556506904
416,-6.30E-05
415.5,0.0002497993119
415,-3.41E-05
414.5,0.0001572071196
414,7.50E-05
413.5,5.59E-05
413,0.00021750429
412.5,0.0001833316055
412,-0.0001465037494
411.5,-4.34E-05
411,9.04E-05
410.5,7.90E-05
410,0.0002691196278
409.5,0.000371285103
409,-0.0002275568986
408.5,-1.04E-05
408,-2.52E-05
407.5,-3.98E-05
407,4.83E-05
406.5,0.0001384145435
406,-5.43E-05
405.5,3.80E-05
405,-0.0002516439417
404.5,6.65E-05
404,0.0002209380182
403.5,-0.0001243058505
403,-4.24E-05
402.5,0.0001433508587
402,2.78E-05
401.5,0.0001774629345
401,-3.74E-05
400.5,0.0001444635418
400,0.0001808047673
399.5,-6.17E-05
399,7.11E-05
398.5,-7.70E-05
398,7.69E-06
397.5,1.86E-05
397,0.0003257727367
396.5,-9.47E-05
396,0.0001134232007
395.5,1.84E-05
395,-3.45E-05
394.5,-0.0002050498151
394,7.20E-05
393.5,1.06E-05
393,-0.000121699748
392.5,-0.0001431976998
392,0.0001905471727
391.5,4.04E-05
391,0.0001289214269
390.5,0.0001606166916
390,4.68E-05
389.5,1.51E-05
389,-2.68E-05
388.5,1.16E-05
388,0.0001092711027
387.5,4.29E-05
387,-6.40E-05
386.5,-8.58E-05
386,5.76E-05
385.5,-0.0001194242577
385,-0.0002441759571
384.5,-0.0001287851774
384,6.89E-05
383.5,0.0001125478011
383,-9.27E-05
382.5,-0.0001179855753
382,6.53E-05
381.5,4.58E-06
381,0.000176051748
380.5,6.19E-05
380,0.0001669013582
379.5,-9.03E-06
379,-0.0003610512649
378.5,-7.35E-05
378,-6.68E-05
377.5,1.37E-05
377,-0.0001104888506
376.5,-9.82E-05
376,8.44E-07
375.5,9.55E-06
375,1.11E-05
374.5,3.16E-05
374,3.87E-05
373.5,0.0001296117698
373,2.35E-05
372.5,-0.0001922058145
372,2.76E-05
371.5,4.75E-05
371,-8.00E-05
370.5,0.0002348136622
370,0.0002967626206
369.5,-4.90E-05
369,-0.0002518394613
368.5,-0.0001112657847
368,4.97E-05
367.5,0.0001013756773
367,-3.03E-06
366.5,0.0002835848718
366,5.88E-05
365.5,-3.43E-06
365,9.20E-05
364.5,1.46E-05
364,0.0001566906285
363.5,0.0002447057923
363,2.24E-05
362.5,0.0003595355665
362,-0.0003077145084
361.5,-0.0001682932489
361,-6.13E-05
360.5,-1.08E-07
360,0.0001569611777
359.5,0.0002693486167
359,3.57E-05
358.5,0.0001667894394
358,0.0001100512891
357.5,-2.99E-05
357,-0.0001483034139
356.5,5.86E-05
356,0.0001187314992
355.5,-7.40E-05
355,0.0002081404818
354.5,0.0001445202506
354,7.79E-06
353.5,0.0001682194561
353,-0.000199716058
352.5,-2.52E-05
352,4.70E-05
351.5,-7.16E-05
351,0.0001321805321
350.5,-0.0002209765371
350,0.0003092110856
349.5,5.88E-05
349,-2.00E-05
348.5,-8.70E-05
348,6.16E-05
347.5,3.78E-05
347,7.19E-06
346.5,-4.49E-05
346,-5.18E-05
345.5,-7.00E-05
345,-0.0001584334968
344.5,4.20E-05
344,-0.0001049007551
343.5,0.0001326764759
343,0.0001111082747
342.5,-0.0001045982208
342,1.24E-05
341.5,0.0001766142814
341,4.68E-06
340.5,0.0001670852362
340,0.000106872234
339.5,7.33E-05
339,-4.41E-05
338.5,-6.99E-05
338,0.0002316050086
337.5,-0.0001208718822
337,6.14E-05
336.5,-1.69E-05
336,1.19E-05
335.5,3.70E-05
335,-6.45E-05
334.5,0.0003003254533
334,-1.45E-05
333.5,-5.94E-05
333,-0.0001049498824
332.5,-0.0001313465473
332,0.000121600111
331.5,7.26E-05
331,7.39E-05
330.5,-0.0001939600479
330,-3.73E-05
329.5,8.03E-05
329,0.0001447267568
328.5,8.08E-06
328,-1.46E-05
327.5,-1.56E-05
327,-0.0001061164003
326.5,7.80E-05
326,-0.000100908379
325.5,3.84E-06
325,-1.72E-05
324.5,4.22E-05
324,7.64E-05
323.5,0.0001202743442
323,9.71E-05
322.5,-9.90E-05
322,1.09E-05
321.5,3.95E-05
321,-4.36E-05
320.5,-5.90E-05
320,0.0001588658779
319.5,7.23E-06
319,-7.47E-05
318.5,-0.0001071424122
318,-5.88E-05
317.5,-2.89E-05
317,0.0001163111519
316.5,9.45E-05
316,-3.39E-05
315.5,1.83E-06
315,-5.79E-05
314.5,0.0001411877311
314,-0.0002000106615
313.5,-1.27E-05
313,-5.72E-05
312.5,-5.35E-06
312,2.56E-05
311.5,-7.50E-05
311,9.16E-05
310.5,-5.81E-05
310,-8.09E-06
309.5,0.0001269107015
309,1.37E-05
308.5,-3.11E-06
308,0.0002218854206
307.5,-0.0001377376902
307,8.36E-05
306.5,6.88E-06
306,-2.19E-06
305.5,-0.0001009497646
305,3.95E-05
304.5,0.0001074385436
304,0.0001581186953
303.5,-9.67E-05
303,0.0001094002509
302.5,-2.03E-05
302,-5.14E-05
301.5,-7.32E-05
301,-1.34E-05
300.5,0.000154388923
300,-2.41E-05
